[{"model": "admin.logentry", "pk": 1, "fields": {"action_time": "2020-11-11T17:19:18.259Z", "user": 1, "content_type": 4, "object_id": "2", "object_repr": "first1", "action_flag": 1, "change_message": "[{\"added\": {}}]"}}, {"model": "admin.logentry", "pk": 2, "fields": {"action_time": "2020-11-11T17:20:03.383Z", "user": 1, "content_type": 4, "object_id": "3", "object_repr": "second2", "action_flag": 1, "change_message": "[{\"added\": {}}]"}}, {"model": "admin.logentry", "pk": 3, "fields": {"action_time": "2020-11-11T17:20:24.472Z", "user": 1, "content_type": 4, "object_id": "4", "object_repr": "third3", "action_flag": 1, "change_message": "[{\"added\": {}}]"}}, {"model": "admin.logentry", "pk": 4, "fields": {"action_time": "2020-11-11T17:37:09.768Z", "user": 1, "content_type": 10, "object_id": "1", "object_repr": "WebsiteUser object (1)", "action_flag": 1, "change_message": "[{\"added\": {}}]"}}, {"model": "admin.logentry", "pk": 5, "fields": {"action_time": "2020-11-11T17:37:36.114Z", "user": 1, "content_type": 10, "object_id": "2", "object_repr": "WebsiteUser object (2)", "action_flag": 1, "change_message": "[{\"added\": {}}]"}}, {"model": "admin.logentry", "pk": 6, "fields": {"action_time": "2020-11-11T17:38:12.129Z", "user": 1, "content_type": 10, "object_id": "3", "object_repr": "WebsiteUser object (3)", "action_flag": 1, "change_message": "[{\"added\": {}}]"}}, {"model": "admin.logentry", "pk": 7, "fields": {"action_time": "2020-11-11T19:06:57.565Z", "user": 1, "content_type": 10, "object_id": "4", "object_repr": "admin", "action_flag": 1, "change_message": "[{\"added\": {}}]"}}, {"model": "admin.logentry", "pk": 8, "fields": {"action_time": "2020-11-15T10:13:57.256Z", "user": 1, "content_type": 10, "object_id": "4", "object_repr": "admin", "action_flag": 2, "change_message": "[{\"changed\": {\"fields\": [\"Fave categories\", \"Date of Birth\"]}}]"}}, {"model": "admin.logentry", "pk": 9, "fields": {"action_time": "2020-11-15T11:23:31.049Z", "user": 1, "content_type": 4, "object_id": "1", "object_repr": "admin", "action_flag": 2, "change_message": "[{\"changed\": {\"fields\": [\"First name\", \"Last name\"]}}]"}}, {"model": "admin.logentry", "pk": 10, "fields": {"action_time": "2020-11-15T11:54:37.698Z", "user": 1, "content_type": 10, "object_id": "4", "object_repr": "admin", "action_flag": 2, "change_message": "[{\"changed\": {\"fields\": [\"Date of Birth\"]}}]"}}, {"model": "admin.logentry", "pk": 11, "fields": {"action_time": "2020-11-15T11:54:45.825Z", "user": 1, "content_type": 10, "object_id": "4", "object_repr": "admin", "action_flag": 2, "change_message": "[{\"changed\": {\"fields\": [\"Date of Birth\"]}}]"}}, {"model": "admin.logentry", "pk": 12, "fields": {"action_time": "2020-11-15T14:09:42.176Z", "user": 1, "content_type": 8, "object_id": "1", "object_repr": "Fury at 'vicious and cowardly' attacks on Carrie Symonds amid claims Cummings allies branded her 'Pr", "action_flag": 1, "change_message": "[{\"added\": {}}]"}}, {"model": "admin.logentry", "pk": 13, "fields": {"action_time": "2020-11-15T14:10:31.225Z", "user": 1, "content_type": 8, "object_id": "2", "object_repr": "Coole Cody produces red-hot performance to win Cheltenham's Paddy Power Gold Cup as jockey Tom O'Bri", "action_flag": 1, "change_message": "[{\"added\": {}}]"}}, {"model": "admin.logentry", "pk": 14, "fields": {"action_time": "2020-11-15T14:11:28.480Z", "user": 1, "content_type": 8, "object_id": "3", "object_repr": "Madison Beer flaunts her incredibly ripped abs and VERY perky cleavage in sizzling nurse costume as", "action_flag": 1, "change_message": "[{\"added\": {}}]"}}, {"model": "admin.logentry", "pk": 15, "fields": {"action_time": "2020-11-15T14:11:57.568Z", "user": 1, "content_type": 8, "object_id": "4", "object_repr": "'Too much enthusiastic Charlstoning': Strictly's Clara Amfo reveals hand injury the day after toppi", "action_flag": 1, "change_message": "[{\"added\": {}}]"}}, {"model": "admin.logentry", "pk": 16, "fields": {"action_time": "2020-11-15T14:13:07.792Z", "user": 1, "content_type": 8, "object_id": "5", "object_repr": "BACK ON Zara McDermott and Sam Thompson pictured back together after she cheated on him as she sneak", "action_flag": 1, "change_message": "[{\"added\": {}}]"}}, {"model": "admin.logentry", "pk": 17, "fields": {"action_time": "2020-11-16T16:23:53.126Z", "user": 1, "content_type": 10, "object_id": "4", "object_repr": "admin", "action_flag": 2, "change_message": "[{\"changed\": {\"fields\": [\"Fave categories\"]}}]"}}, {"model": "admin.logentry", "pk": 18, "fields": {"action_time": "2020-11-16T16:39:55.853Z", "user": 1, "content_type": 10, "object_id": "4", "object_repr": "admin", "action_flag": 2, "change_message": "[{\"changed\": {\"fields\": [\"Fave categories\"]}}]"}}, {"model": "admin.logentry", "pk": 19, "fields": {"action_time": "2020-11-16T16:53:16.913Z", "user": 1, "content_type": 10, "object_id": "4", "object_repr": "admin", "action_flag": 2, "change_message": "[{\"changed\": {\"fields\": [\"Fave categories\"]}}]"}}, {"model": "admin.logentry", "pk": 20, "fields": {"action_time": "2020-11-17T14:38:19.238Z", "user": 1, "content_type": 10, "object_id": "4", "object_repr": "admin", "action_flag": 2, "change_message": "[{\"changed\": {\"fields\": [\"Image\"]}}]"}}, {"model": "admin.logentry", "pk": 21, "fields": {"action_time": "2020-11-17T14:40:52.386Z", "user": 1, "content_type": 10, "object_id": "4", "object_repr": "admin", "action_flag": 2, "change_message": "[{\"changed\": {\"fields\": [\"Image\"]}}]"}}, {"model": "admin.logentry", "pk": 22, "fields": {"action_time": "2020-11-17T14:41:04.246Z", "user": 1, "content_type": 10, "object_id": "4", "object_repr": "admin", "action_flag": 2, "change_message": "[{\"changed\": {\"fields\": [\"Image\"]}}]"}}, {"model": "admin.logentry", "pk": 23, "fields": {"action_time": "2020-11-17T16:55:25.311Z", "user": 1, "content_type": 8, "object_id": "4", "object_repr": "'Too much enthusiastic Charlstoning': Strictly's Clara Amfo reveals hand injury the day after topping the leaderboard with her 'perfect' Charleston", "action_flag": 2, "change_message": "[{\"changed\": {\"fields\": [\"Title\", \"Category\"]}}]"}}, {"model": "admin.logentry", "pk": 24, "fields": {"action_time": "2020-11-17T16:55:41.449Z", "user": 1, "content_type": 8, "object_id": "5", "object_repr": "BACK ON Zara McDermott and Sam Thompson pictured back together after she cheated on him as she sneaks out of his house", "action_flag": 2, "change_message": "[{\"changed\": {\"fields\": [\"Title\", \"Category\"]}}]"}}, {"model": "admin.logentry", "pk": 25, "fields": {"action_time": "2020-11-17T16:56:05.542Z", "user": 1, "content_type": 8, "object_id": "3", "object_repr": "Madison Beer flaunts her incredibly ripped abs and VERY perky cleavage in sizzling nurse costume as she twins with a pal for Halloween night out", "action_flag": 2, "change_message": "[{\"changed\": {\"fields\": [\"Title\", \"Category\"]}}]"}}, {"model": "admin.logentry", "pk": 26, "fields": {"action_time": "2020-11-17T16:56:23.415Z", "user": 1, "content_type": 8, "object_id": "2", "object_repr": "Coole Cody produces red-hot performance to win Cheltenham's Paddy Power Gold Cup as jockey Tom O'Brien toasts ninth win of the season", "action_flag": 2, "change_message": "[{\"changed\": {\"fields\": [\"Title\", \"Category\"]}}]"}}, {"model": "admin.logentry", "pk": 27, "fields": {"action_time": "2020-11-17T16:56:40.760Z", "user": 1, "content_type": 8, "object_id": "1", "object_repr": "Fury at 'vicious and cowardly' attacks on Carrie Symonds amid claims Cummings allies branded her 'Princess Nut Nut' and accused her of 'wanting to be the new Princess Diana'", "action_flag": 2, "change_message": "[{\"changed\": {\"fields\": [\"Title\", \"Category\"]}}]"}}, {"model": "admin.logentry", "pk": 28, "fields": {"action_time": "2020-11-17T18:13:49.031Z", "user": 1, "content_type": 10, "object_id": "4", "object_repr": "admin", "action_flag": 2, "change_message": "[{\"changed\": {\"fields\": [\"Image\"]}}]"}}, {"model": "admin.logentry", "pk": 29, "fields": {"action_time": "2020-11-17T18:13:57.527Z", "user": 1, "content_type": 10, "object_id": "4", "object_repr": "admin", "action_flag": 2, "change_message": "[{\"changed\": {\"fields\": [\"Image\"]}}]"}}, {"model": "admin.logentry", "pk": 30, "fields": {"action_time": "2020-11-17T18:42:15.334Z", "user": 1, "content_type": 10, "object_id": "4", "object_repr": "admin", "action_flag": 2, "change_message": "[{\"changed\": {\"fields\": [\"Image\"]}}]"}}, {"model": "admin.logentry", "pk": 31, "fields": {"action_time": "2020-11-17T18:54:25.089Z", "user": 1, "content_type": 10, "object_id": "4", "object_repr": "admin", "action_flag": 2, "change_message": "[{\"changed\": {\"fields\": [\"Image\"]}}]"}}, {"model": "admin.logentry", "pk": 32, "fields": {"action_time": "2020-11-17T18:55:57.599Z", "user": 1, "content_type": 10, "object_id": "4", "object_repr": "admin", "action_flag": 2, "change_message": "[{\"changed\": {\"fields\": [\"Image\"]}}]"}}, {"model": "admin.logentry", "pk": 33, "fields": {"action_time": "2020-11-17T18:56:25.584Z", "user": 1, "content_type": 10, "object_id": "4", "object_repr": "admin", "action_flag": 2, "change_message": "[{\"changed\": {\"fields\": [\"Image\"]}}]"}}, {"model": "admin.logentry", "pk": 34, "fields": {"action_time": "2020-11-17T19:49:18.264Z", "user": 1, "content_type": 10, "object_id": "4", "object_repr": "admin", "action_flag": 2, "change_message": "[{\"changed\": {\"fields\": [\"Image\"]}}]"}}, {"model": "admin.logentry", "pk": 35, "fields": {"action_time": "2020-11-17T21:22:38.558Z", "user": 1, "content_type": 8, "object_id": "5", "object_repr": "BACK ON Zara McDermott and Sam Thompson pictured back together after she cheated on him as she sneaks out of his house", "action_flag": 2, "change_message": "[{\"changed\": {\"fields\": [\"Dislikes\"]}}]"}}, {"model": "admin.logentry", "pk": 36, "fields": {"action_time": "2020-11-17T21:22:42.415Z", "user": 1, "content_type": 8, "object_id": "4", "object_repr": "'Too much enthusiastic Charlstoning': Strictly's Clara Amfo reveals hand injury the day after topping the leaderboard with her 'perfect' Charleston", "action_flag": 2, "change_message": "[{\"changed\": {\"fields\": [\"Dislikes\", \"Ident\"]}}]"}}, {"model": "admin.logentry", "pk": 37, "fields": {"action_time": "2020-11-17T21:22:47.554Z", "user": 1, "content_type": 8, "object_id": "3", "object_repr": "Madison Beer flaunts her incredibly ripped abs and VERY perky cleavage in sizzling nurse costume as she twins with a pal for Halloween night out", "action_flag": 2, "change_message": "[{\"changed\": {\"fields\": [\"Dislikes\", \"Ident\"]}}]"}}, {"model": "admin.logentry", "pk": 38, "fields": {"action_time": "2020-11-17T21:22:54.176Z", "user": 1, "content_type": 8, "object_id": "2", "object_repr": "Coole Cody produces red-hot performance to win Cheltenham's Paddy Power Gold Cup as jockey Tom O'Brien toasts ninth win of the season", "action_flag": 2, "change_message": "[{\"changed\": {\"fields\": [\"Dislikes\", \"Ident\"]}}]"}}, {"model": "admin.logentry", "pk": 39, "fields": {"action_time": "2020-11-17T21:22:58.116Z", "user": 1, "content_type": 8, "object_id": "1", "object_repr": "Fury at 'vicious and cowardly' attacks on Carrie Symonds amid claims Cummings allies branded her 'Princess Nut Nut' and accused her of 'wanting to be the new Princess Diana'", "action_flag": 2, "change_message": "[{\"changed\": {\"fields\": [\"Dislikes\", \"Ident\"]}}]"}}, {"model": "admin.logentry", "pk": 40, "fields": {"action_time": "2020-11-23T11:24:44.974Z", "user": 1, "content_type": 9, "object_id": "42", "object_repr": "e", "action_flag": 3, "change_message": ""}}, {"model": "admin.logentry", "pk": 41, "fields": {"action_time": "2020-11-23T11:24:57.587Z", "user": 1, "content_type": 9, "object_id": "41", "object_repr": "l", "action_flag": 3, "change_message": ""}}, {"model": "admin.logentry", "pk": 42, "fields": {"action_time": "2020-11-23T11:24:57.594Z", "user": 1, "content_type": 9, "object_id": "40", "object_repr": "l", "action_flag": 3, "change_message": ""}}, {"model": "admin.logentry", "pk": 43, "fields": {"action_time": "2020-11-23T11:24:57.603Z", "user": 1, "content_type": 9, "object_id": "39", "object_repr": "g", "action_flag": 3, "change_message": ""}}, {"model": "admin.logentry", "pk": 44, "fields": {"action_time": "2020-11-23T11:24:57.609Z", "user": 1, "content_type": 9, "object_id": "38", "object_repr": "g", "action_flag": 3, "change_message": ""}}, {"model": "admin.logentry", "pk": 45, "fields": {"action_time": "2020-11-23T11:24:57.615Z", "user": 1, "content_type": 9, "object_id": "37", "object_repr": "g", "action_flag": 3, "change_message": ""}}, {"model": "admin.logentry", "pk": 46, "fields": {"action_time": "2020-11-23T11:24:57.621Z", "user": 1, "content_type": 9, "object_id": "36", "object_repr": "f", "action_flag": 3, "change_message": ""}}, {"model": "admin.logentry", "pk": 47, "fields": {"action_time": "2020-11-23T11:24:57.627Z", "user": 1, "content_type": 9, "object_id": "35", "object_repr": "d", "action_flag": 3, "change_message": ""}}, {"model": "admin.logentry", "pk": 48, "fields": {"action_time": "2020-11-23T11:24:57.634Z", "user": 1, "content_type": 9, "object_id": "34", "object_repr": "d", "action_flag": 3, "change_message": ""}}, {"model": "admin.logentry", "pk": 49, "fields": {"action_time": "2020-11-23T11:24:57.640Z", "user": 1, "content_type": 9, "object_id": "33", "object_repr": "d", "action_flag": 3, "change_message": ""}}, {"model": "admin.logentry", "pk": 50, "fields": {"action_time": "2020-11-23T11:24:57.647Z", "user": 1, "content_type": 9, "object_id": "32", "object_repr": "d", "action_flag": 3, "change_message": ""}}, {"model": "admin.logentry", "pk": 51, "fields": {"action_time": "2020-11-23T11:24:57.653Z", "user": 1, "content_type": 9, "object_id": "31", "object_repr": "d", "action_flag": 3, "change_message": ""}}, {"model": "admin.logentry", "pk": 52, "fields": {"action_time": "2020-11-23T11:24:57.659Z", "user": 1, "content_type": 9, "object_id": "30", "object_repr": "d", "action_flag": 3, "change_message": ""}}, {"model": "admin.logentry", "pk": 53, "fields": {"action_time": "2020-11-23T11:24:57.666Z", "user": 1, "content_type": 9, "object_id": "29", "object_repr": "d", "action_flag": 3, "change_message": ""}}, {"model": "admin.logentry", "pk": 54, "fields": {"action_time": "2020-11-23T11:24:57.671Z", "user": 1, "content_type": 9, "object_id": "28", "object_repr": "Hey there", "action_flag": 3, "change_message": ""}}, {"model": "admin.logentry", "pk": 55, "fields": {"action_time": "2020-11-23T11:24:57.677Z", "user": 1, "content_type": 9, "object_id": "27", "object_repr": ".", "action_flag": 3, "change_message": ""}}, {"model": "admin.logentry", "pk": 56, "fields": {"action_time": "2020-11-23T11:24:57.683Z", "user": 1, "content_type": 9, "object_id": "26", "object_repr": "Wow", "action_flag": 3, "change_message": ""}}, {"model": "admin.logentry", "pk": 57, "fields": {"action_time": "2020-11-23T11:24:57.698Z", "user": 1, "content_type": 9, "object_id": "25", "object_repr": "YO", "action_flag": 3, "change_message": ""}}, {"model": "admin.logentry", "pk": 58, "fields": {"action_time": "2020-11-23T11:24:57.706Z", "user": 1, "content_type": 9, "object_id": "23", "object_repr": "Cunt\n", "action_flag": 3, "change_message": ""}}, {"model": "admin.logentry", "pk": 59, "fields": {"action_time": "2020-11-23T11:24:57.713Z", "user": 1, "content_type": 9, "object_id": "22", "object_repr": "CUnt", "action_flag": 3, "change_message": ""}}, {"model": "admin.logentry", "pk": 60, "fields": {"action_time": "2020-11-23T11:24:57.726Z", "user": 1, "content_type": 9, "object_id": "21", "object_repr": "cunt", "action_flag": 3, "change_message": ""}}, {"model": "admin.logentry", "pk": 61, "fields": {"action_time": "2020-11-23T11:24:57.734Z", "user": 1, "content_type": 9, "object_id": "20", "object_repr": "cunt", "action_flag": 3, "change_message": ""}}, {"model": "admin.logentry", "pk": 62, "fields": {"action_time": "2020-11-23T11:24:57.743Z", "user": 1, "content_type": 9, "object_id": "19", "object_repr": "Prick", "action_flag": 3, "change_message": ""}}, {"model": "admin.logentry", "pk": 63, "fields": {"action_time": "2020-11-23T11:24:57.756Z", "user": 1, "content_type": 9, "object_id": "18", "object_repr": "foo", "action_flag": 3, "change_message": ""}}, {"model": "admin.logentry", "pk": 64, "fields": {"action_time": "2020-11-23T11:24:57.762Z", "user": 1, "content_type": 9, "object_id": "16", "object_repr": "ainsley harriott was here", "action_flag": 3, "change_message": ""}}, {"model": "admin.logentry", "pk": 65, "fields": {"action_time": "2020-11-23T11:24:57.767Z", "user": 1, "content_type": 9, "object_id": "15", "object_repr": "ainsley harriott was here", "action_flag": 3, "change_message": ""}}, {"model": "admin.logentry", "pk": 66, "fields": {"action_time": "2020-11-23T11:24:57.773Z", "user": 1, "content_type": 9, "object_id": "14", "object_repr": "ainsley harriott was here", "action_flag": 3, "change_message": ""}}, {"model": "admin.logentry", "pk": 67, "fields": {"action_time": "2020-11-23T11:24:57.779Z", "user": 1, "content_type": 9, "object_id": "13", "object_repr": "ainsley harriott is a cunt", "action_flag": 3, "change_message": ""}}, {"model": "admin.logentry", "pk": 68, "fields": {"action_time": "2020-11-23T11:24:57.784Z", "user": 1, "content_type": 9, "object_id": "12", "object_repr": "ainsley harriott was here", "action_flag": 3, "change_message": ""}}, {"model": "admin.logentry", "pk": 69, "fields": {"action_time": "2020-11-23T11:24:57.790Z", "user": 1, "content_type": 9, "object_id": "11", "object_repr": "ainsley harriott was here", "action_flag": 3, "change_message": ""}}, {"model": "admin.logentry", "pk": 70, "fields": {"action_time": "2020-11-23T11:24:57.796Z", "user": 1, "content_type": 9, "object_id": "10", "object_repr": "ainsley harriott was here", "action_flag": 3, "change_message": ""}}, {"model": "admin.logentry", "pk": 71, "fields": {"action_time": "2020-11-23T11:24:57.802Z", "user": 1, "content_type": 9, "object_id": "9", "object_repr": "ainsley harriott was here", "action_flag": 3, "change_message": ""}}, {"model": "admin.logentry", "pk": 72, "fields": {"action_time": "2020-11-23T11:24:57.808Z", "user": 1, "content_type": 9, "object_id": "8", "object_repr": "ainsley harriott was here", "action_flag": 3, "change_message": ""}}, {"model": "admin.logentry", "pk": 73, "fields": {"action_time": "2020-11-23T11:24:57.814Z", "user": 1, "content_type": 9, "object_id": "7", "object_repr": "ainsley harriott was here", "action_flag": 3, "change_message": ""}}, {"model": "admin.logentry", "pk": 74, "fields": {"action_time": "2020-11-23T11:24:57.820Z", "user": 1, "content_type": 9, "object_id": "6", "object_repr": "ainsley harriott", "action_flag": 3, "change_message": ""}}, {"model": "admin.logentry", "pk": 75, "fields": {"action_time": "2020-11-23T11:24:57.830Z", "user": 1, "content_type": 9, "object_id": "5", "object_repr": "ainsley harriott", "action_flag": 3, "change_message": ""}}, {"model": "admin.logentry", "pk": 76, "fields": {"action_time": "2020-11-23T11:24:57.843Z", "user": 1, "content_type": 9, "object_id": "4", "object_repr": "I hate her", "action_flag": 3, "change_message": ""}}, {"model": "admin.logentry", "pk": 77, "fields": {"action_time": "2020-11-23T11:24:57.855Z", "user": 1, "content_type": 9, "object_id": "3", "object_repr": "I hate her", "action_flag": 3, "change_message": ""}}, {"model": "admin.logentry", "pk": 78, "fields": {"action_time": "2020-11-23T11:24:57.861Z", "user": 1, "content_type": 9, "object_id": "2", "object_repr": "I hate her", "action_flag": 3, "change_message": ""}}, {"model": "admin.logentry", "pk": 79, "fields": {"action_time": "2020-11-23T11:24:57.867Z", "user": 1, "content_type": 9, "object_id": "1", "object_repr": "Hello", "action_flag": 3, "change_message": ""}}, {"model": "admin.logentry", "pk": 80, "fields": {"action_time": "2020-11-23T11:25:07.277Z", "user": 1, "content_type": 9, "object_id": "17", "object_repr": "ainsley harriott is a prick", "action_flag": 3, "change_message": ""}}, {"model": "admin.logentry", "pk": 81, "fields": {"action_time": "2020-11-23T15:46:43.491Z", "user": 1, "content_type": 4, "object_id": "5", "object_repr": "alice", "action_flag": 3, "change_message": ""}}, {"model": "admin.logentry", "pk": 82, "fields": {"action_time": "2020-11-23T15:46:43.499Z", "user": 1, "content_type": 4, "object_id": "7", "object_repr": "poppy", "action_flag": 3, "change_message": ""}}, {"model": "admin.logentry", "pk": 83, "fields": {"action_time": "2020-11-23T15:46:43.508Z", "user": 1, "content_type": 4, "object_id": "6", "object_repr": "sean", "action_flag": 3, "change_message": ""}}, {"model": "admin.logentry", "pk": 84, "fields": {"action_time": "2020-11-23T16:00:48.858Z", "user": 1, "content_type": 4, "object_id": "10", "object_repr": "poppy", "action_flag": 3, "change_message": ""}}, {"model": "admin.logentry", "pk": 85, "fields": {"action_time": "2020-11-23T16:00:48.865Z", "user": 1, "content_type": 4, "object_id": "11", "object_repr": "poppy2", "action_flag": 3, "change_message": ""}}, {"model": "admin.logentry", "pk": 86, "fields": {"action_time": "2020-11-23T16:00:48.872Z", "user": 1, "content_type": 4, "object_id": "9", "object_repr": "sean", "action_flag": 3, "change_message": ""}}, {"model": "admin.logentry", "pk": 87, "fields": {"action_time": "2020-11-23T16:46:39.962Z", "user": 1, "content_type": 4, "object_id": "12", "object_repr": "sophie", "action_flag": 3, "change_message": ""}}, {"model": "admin.logentry", "pk": 88, "fields": {"action_time": "2020-11-29T09:02:36.864Z", "user": 1, "content_type": 11, "object_id": "1", "object_repr": "1", "action_flag": 3, "change_message": ""}}, {"model": "admin.logentry", "pk": 89, "fields": {"action_time": "2020-11-29T09:04:38.800Z", "user": 1, "content_type": 11, "object_id": "4", "object_repr": "1", "action_flag": 3, "change_message": ""}}, {"model": "admin.logentry", "pk": 90, "fields": {"action_time": "2020-11-29T09:04:38.806Z", "user": 1, "content_type": 11, "object_id": "3", "object_repr": "1", "action_flag": 3, "change_message": ""}}, {"model": "admin.logentry", "pk": 91, "fields": {"action_time": "2020-11-29T09:04:38.814Z", "user": 1, "content_type": 11, "object_id": "2", "object_repr": "1", "action_flag": 3, "change_message": ""}}, {"model": "admin.logentry", "pk": 92, "fields": {"action_time": "2020-11-29T09:05:54.135Z", "user": 1, "content_type": 11, "object_id": "12", "object_repr": "1", "action_flag": 3, "change_message": ""}}, {"model": "admin.logentry", "pk": 93, "fields": {"action_time": "2020-11-29T09:05:54.141Z", "user": 1, "content_type": 11, "object_id": "11", "object_repr": "1", "action_flag": 3, "change_message": ""}}, {"model": "admin.logentry", "pk": 94, "fields": {"action_time": "2020-11-29T09:05:54.148Z", "user": 1, "content_type": 11, "object_id": "10", "object_repr": "1", "action_flag": 3, "change_message": ""}}, {"model": "admin.logentry", "pk": 95, "fields": {"action_time": "2020-11-29T09:05:54.155Z", "user": 1, "content_type": 11, "object_id": "9", "object_repr": "1", "action_flag": 3, "change_message": ""}}, {"model": "admin.logentry", "pk": 96, "fields": {"action_time": "2020-11-29T09:05:54.161Z", "user": 1, "content_type": 11, "object_id": "8", "object_repr": "1", "action_flag": 3, "change_message": ""}}, {"model": "admin.logentry", "pk": 97, "fields": {"action_time": "2020-11-29T09:05:54.168Z", "user": 1, "content_type": 11, "object_id": "7", "object_repr": "1", "action_flag": 3, "change_message": ""}}, {"model": "admin.logentry", "pk": 98, "fields": {"action_time": "2020-11-29T09:05:54.176Z", "user": 1, "content_type": 11, "object_id": "6", "object_repr": "1", "action_flag": 3, "change_message": ""}}, {"model": "admin.logentry", "pk": 99, "fields": {"action_time": "2020-11-29T09:05:54.183Z", "user": 1, "content_type": 11, "object_id": "5", "object_repr": "1", "action_flag": 3, "change_message": ""}}, {"model": "admin.logentry", "pk": 100, "fields": {"action_time": "2020-11-29T09:08:20.808Z", "user": 1, "content_type": 11, "object_id": "14", "object_repr": "1", "action_flag": 3, "change_message": ""}}, {"model": "admin.logentry", "pk": 101, "fields": {"action_time": "2020-11-29T09:08:20.815Z", "user": 1, "content_type": 11, "object_id": "13", "object_repr": "1", "action_flag": 3, "change_message": ""}}, {"model": "admin.logentry", "pk": 102, "fields": {"action_time": "2020-11-29T09:10:55.800Z", "user": 1, "content_type": 11, "object_id": "16", "object_repr": "1", "action_flag": 3, "change_message": ""}}, {"model": "admin.logentry", "pk": 103, "fields": {"action_time": "2020-11-29T09:10:55.808Z", "user": 1, "content_type": 11, "object_id": "15", "object_repr": "1", "action_flag": 3, "change_message": ""}}, {"model": "admin.logentry", "pk": 104, "fields": {"action_time": "2020-11-29T09:11:28.374Z", "user": 1, "content_type": 12, "object_id": "1", "object_repr": "-1", "action_flag": 3, "change_message": ""}}, {"model": "admin.logentry", "pk": 105, "fields": {"action_time": "2020-11-29T10:13:55.819Z", "user": 1, "content_type": 11, "object_id": "24", "object_repr": "1", "action_flag": 3, "change_message": ""}}, {"model": "admin.logentry", "pk": 106, "fields": {"action_time": "2020-11-29T10:13:55.831Z", "user": 1, "content_type": 11, "object_id": "23", "object_repr": "1", "action_flag": 3, "change_message": ""}}, {"model": "admin.logentry", "pk": 107, "fields": {"action_time": "2020-11-29T10:13:55.839Z", "user": 1, "content_type": 11, "object_id": "22", "object_repr": "1", "action_flag": 3, "change_message": ""}}, {"model": "admin.logentry", "pk": 108, "fields": {"action_time": "2020-11-29T10:13:55.845Z", "user": 1, "content_type": 11, "object_id": "21", "object_repr": "1", "action_flag": 3, "change_message": ""}}, {"model": "admin.logentry", "pk": 109, "fields": {"action_time": "2020-11-29T10:13:55.852Z", "user": 1, "content_type": 11, "object_id": "20", "object_repr": "1", "action_flag": 3, "change_message": ""}}, {"model": "admin.logentry", "pk": 110, "fields": {"action_time": "2020-11-29T10:13:55.859Z", "user": 1, "content_type": 11, "object_id": "19", "object_repr": "1", "action_flag": 3, "change_message": ""}}, {"model": "admin.logentry", "pk": 111, "fields": {"action_time": "2020-11-29T10:13:55.865Z", "user": 1, "content_type": 11, "object_id": "18", "object_repr": "1", "action_flag": 3, "change_message": ""}}, {"model": "admin.logentry", "pk": 112, "fields": {"action_time": "2020-11-29T10:13:55.873Z", "user": 1, "content_type": 11, "object_id": "17", "object_repr": "1", "action_flag": 3, "change_message": ""}}, {"model": "admin.logentry", "pk": 113, "fields": {"action_time": "2020-11-29T10:14:00.462Z", "user": 1, "content_type": 12, "object_id": "8", "object_repr": "-1", "action_flag": 3, "change_message": ""}}, {"model": "admin.logentry", "pk": 114, "fields": {"action_time": "2020-11-29T10:14:00.468Z", "user": 1, "content_type": 12, "object_id": "7", "object_repr": "-1", "action_flag": 3, "change_message": ""}}, {"model": "admin.logentry", "pk": 115, "fields": {"action_time": "2020-11-29T10:14:00.475Z", "user": 1, "content_type": 12, "object_id": "6", "object_repr": "-1", "action_flag": 3, "change_message": ""}}, {"model": "admin.logentry", "pk": 116, "fields": {"action_time": "2020-11-29T10:14:00.481Z", "user": 1, "content_type": 12, "object_id": "5", "object_repr": "-1", "action_flag": 3, "change_message": ""}}, {"model": "admin.logentry", "pk": 117, "fields": {"action_time": "2020-11-29T10:14:00.486Z", "user": 1, "content_type": 12, "object_id": "4", "object_repr": "-1", "action_flag": 3, "change_message": ""}}, {"model": "admin.logentry", "pk": 118, "fields": {"action_time": "2020-11-29T10:14:00.493Z", "user": 1, "content_type": 12, "object_id": "3", "object_repr": "-1", "action_flag": 3, "change_message": ""}}, {"model": "admin.logentry", "pk": 119, "fields": {"action_time": "2020-11-29T10:14:00.503Z", "user": 1, "content_type": 12, "object_id": "2", "object_repr": "-1", "action_flag": 3, "change_message": ""}}, {"model": "auth.permission", "pk": 1, "fields": {"name": "Can add log entry", "content_type": 1, "codename": "add_logentry"}}, {"model": "auth.permission", "pk": 2, "fields": {"name": "Can change log entry", "content_type": 1, "codename": "change_logentry"}}, {"model": "auth.permission", "pk": 3, "fields": {"name": "Can delete log entry", "content_type": 1, "codename": "delete_logentry"}}, {"model": "auth.permission", "pk": 4, "fields": {"name": "Can view log entry", "content_type": 1, "codename": "view_logentry"}}, {"model": "auth.permission", "pk": 5, "fields": {"name": "Can add permission", "content_type": 2, "codename": "add_permission"}}, {"model": "auth.permission", "pk": 6, "fields": {"name": "Can change permission", "content_type": 2, "codename": "change_permission"}}, {"model": "auth.permission", "pk": 7, "fields": {"name": "Can delete permission", "content_type": 2, "codename": "delete_permission"}}, {"model": "auth.permission", "pk": 8, "fields": {"name": "Can view permission", "content_type": 2, "codename": "view_permission"}}, {"model": "auth.permission", "pk": 9, "fields": {"name": "Can add group", "content_type": 3, "codename": "add_group"}}, {"model": "auth.permission", "pk": 10, "fields": {"name": "Can change group", "content_type": 3, "codename": "change_group"}}, {"model": "auth.permission", "pk": 11, "fields": {"name": "Can delete group", "content_type": 3, "codename": "delete_group"}}, {"model": "auth.permission", "pk": 12, "fields": {"name": "Can view group", "content_type": 3, "codename": "view_group"}}, {"model": "auth.permission", "pk": 13, "fields": {"name": "Can add user", "content_type": 4, "codename": "add_user"}}, {"model": "auth.permission", "pk": 14, "fields": {"name": "Can change user", "content_type": 4, "codename": "change_user"}}, {"model": "auth.permission", "pk": 15, "fields": {"name": "Can delete user", "content_type": 4, "codename": "delete_user"}}, {"model": "auth.permission", "pk": 16, "fields": {"name": "Can view user", "content_type": 4, "codename": "view_user"}}, {"model": "auth.permission", "pk": 17, "fields": {"name": "Can add content type", "content_type": 5, "codename": "add_contenttype"}}, {"model": "auth.permission", "pk": 18, "fields": {"name": "Can change content type", "content_type": 5, "codename": "change_contenttype"}}, {"model": "auth.permission", "pk": 19, "fields": {"name": "Can delete content type", "content_type": 5, "codename": "delete_contenttype"}}, {"model": "auth.permission", "pk": 20, "fields": {"name": "Can view content type", "content_type": 5, "codename": "view_contenttype"}}, {"model": "auth.permission", "pk": 21, "fields": {"name": "Can add session", "content_type": 6, "codename": "add_session"}}, {"model": "auth.permission", "pk": 22, "fields": {"name": "Can change session", "content_type": 6, "codename": "change_session"}}, {"model": "auth.permission", "pk": 23, "fields": {"name": "Can delete session", "content_type": 6, "codename": "delete_session"}}, {"model": "auth.permission", "pk": 24, "fields": {"name": "Can view session", "content_type": 6, "codename": "view_session"}}, {"model": "auth.permission", "pk": 25, "fields": {"name": "Can add user", "content_type": 7, "codename": "add_user"}}, {"model": "auth.permission", "pk": 26, "fields": {"name": "Can change user", "content_type": 7, "codename": "change_user"}}, {"model": "auth.permission", "pk": 27, "fields": {"name": "Can delete user", "content_type": 7, "codename": "delete_user"}}, {"model": "auth.permission", "pk": 28, "fields": {"name": "Can view user", "content_type": 7, "codename": "view_user"}}, {"model": "auth.permission", "pk": 29, "fields": {"name": "Can add article", "content_type": 8, "codename": "add_article"}}, {"model": "auth.permission", "pk": 30, "fields": {"name": "Can change article", "content_type": 8, "codename": "change_article"}}, {"model": "auth.permission", "pk": 31, "fields": {"name": "Can delete article", "content_type": 8, "codename": "delete_article"}}, {"model": "auth.permission", "pk": 32, "fields": {"name": "Can view article", "content_type": 8, "codename": "view_article"}}, {"model": "auth.permission", "pk": 33, "fields": {"name": "Can add comment", "content_type": 9, "codename": "add_comment"}}, {"model": "auth.permission", "pk": 34, "fields": {"name": "Can change comment", "content_type": 9, "codename": "change_comment"}}, {"model": "auth.permission", "pk": 35, "fields": {"name": "Can delete comment", "content_type": 9, "codename": "delete_comment"}}, {"model": "auth.permission", "pk": 36, "fields": {"name": "Can view comment", "content_type": 9, "codename": "view_comment"}}, {"model": "auth.permission", "pk": 37, "fields": {"name": "Can add website user", "content_type": 10, "codename": "add_websiteuser"}}, {"model": "auth.permission", "pk": 38, "fields": {"name": "Can change website user", "content_type": 10, "codename": "change_websiteuser"}}, {"model": "auth.permission", "pk": 39, "fields": {"name": "Can delete website user", "content_type": 10, "codename": "delete_websiteuser"}}, {"model": "auth.permission", "pk": 40, "fields": {"name": "Can view website user", "content_type": 10, "codename": "view_websiteuser"}}, {"model": "auth.permission", "pk": 41, "fields": {"name": "Can add like", "content_type": 11, "codename": "add_like"}}, {"model": "auth.permission", "pk": 42, "fields": {"name": "Can change like", "content_type": 11, "codename": "change_like"}}, {"model": "auth.permission", "pk": 43, "fields": {"name": "Can delete like", "content_type": 11, "codename": "delete_like"}}, {"model": "auth.permission", "pk": 44, "fields": {"name": "Can view like", "content_type": 11, "codename": "view_like"}}, {"model": "auth.permission", "pk": 45, "fields": {"name": "Can add dislike", "content_type": 12, "codename": "add_dislike"}}, {"model": "auth.permission", "pk": 46, "fields": {"name": "Can change dislike", "content_type": 12, "codename": "change_dislike"}}, {"model": "auth.permission", "pk": 47, "fields": {"name": "Can delete dislike", "content_type": 12, "codename": "delete_dislike"}}, {"model": "auth.permission", "pk": 48, "fields": {"name": "Can view dislike", "content_type": 12, "codename": "view_dislike"}}, {"model": "auth.user", "pk": 1, "fields": {"password": "pbkdf2_sha256$216000$7aB2vZdpZdOj$1R4SPrv/Fs5ed1TN2na+vg2F5C2/nJmSj5+Hbskx+4o=", "last_login": "2020-11-30T10:44:32.445Z", "is_superuser": true, "username": "admin", "first_name": "the", "last_name": "boss", "email": "fakenewswebsite0@gmail.com", "is_staff": true, "is_active": true, "date_joined": "2020-11-11T17:17:40Z", "groups": [], "user_permissions": []}}, {"model": "auth.user", "pk": 2, "fields": {"password": "pbkdf2_sha256$216000$9zmC54UpqgMR$/GllwOTPF2F+wMwx37ZJg8edR6GFVuTsKjOqk6IMTSI=", "last_login": "2020-11-23T21:53:38.955Z", "is_superuser": false, "username": "first1", "first_name": "", "last_name": "", "email": "", "is_staff": false, "is_active": true, "date_joined": "2020-11-11T17:19:18.118Z", "groups": [], "user_permissions": []}}, {"model": "auth.user", "pk": 3, "fields": {"password": "pbkdf2_sha256$216000$4dFYdPAnkkzg$YrI9EJQn2rZ8+lzDX9Oy2RElJIB36qFHuu5xZD6ONkc=", "last_login": "2020-11-17T16:06:00.814Z", "is_superuser": false, "username": "second2", "first_name": "", "last_name": "", "email": "", "is_staff": false, "is_active": true, "date_joined": "2020-11-11T17:20:03.247Z", "groups": [], "user_permissions": []}}, {"model": "auth.user", "pk": 4, "fields": {"password": "pbkdf2_sha256$216000$PPfyuaT8jD8w$ABTLGOCcCLSrPoiMCetmiLt9qvDbEbQYyZSqGOmj5sU=", "last_login": null, "is_superuser": false, "username": "third3", "first_name": "", "last_name": "", "email": "", "is_staff": false, "is_active": true, "date_joined": "2020-11-11T17:20:24.333Z", "groups": [], "user_permissions": []}}, {"model": "auth.user", "pk": 8, "fields": {"password": "pbkdf2_sha256$216000$LTRt6sP7VYDC$rJ/rxdbm3S1DV7L0y1A5dp2lxP7iw1gUDtUIoQTMFwA=", "last_login": "2020-11-28T10:31:13.294Z", "is_superuser": false, "username": "alice", "first_name": "alice", "last_name": "preece", "email": "alice.preece@gmail.com", "is_staff": false, "is_active": true, "date_joined": "2020-11-23T15:47:36.770Z", "groups": [], "user_permissions": []}}, {"model": "auth.user", "pk": 13, "fields": {"password": "pbkdf2_sha256$216000$OVIkOjtgcrWo$XsmkQe5HBLQnivm5THHsCQbalh5vJPR4HPg8N9hHUwA=", "last_login": "2020-11-30T10:44:13.185Z", "is_superuser": false, "username": "arahman", "first_name": "Asif", "last_name": "Rahman", "email": "seanpatrick@live.co.uk", "is_staff": false, "is_active": true, "date_joined": "2020-11-23T17:33:10.336Z", "groups": [], "user_permissions": []}}, {"model": "auth.user", "pk": 14, "fields": {"password": "pbkdf2_sha256$216000$t5goSmJTt6KP$nyE21jTreB0qCoGY+/8fDx3cACnnPpYaoV0xqIQcdk0=", "last_login": "2020-11-30T10:44:41.839Z", "is_superuser": false, "username": "drosen", "first_name": "Danny", "last_name": "Rosen", "email": "seanpatrick@live.co.uk", "is_staff": false, "is_active": true, "date_joined": "2020-11-23T17:34:37.567Z", "groups": [], "user_permissions": []}}, {"model": "auth.user", "pk": 15, "fields": {"password": "pbkdf2_sha256$216000$xIBvZlVeuqXV$GBjbJwkJ28gDghEQxluOlA0GJ8k7OIwj6lCGfJuM8Rs=", "last_login": null, "is_superuser": false, "username": "queenie", "first_name": "Elizabeth", "last_name": "Windsor", "email": "alice.preece@gmail.com", "is_staff": false, "is_active": true, "date_joined": "2020-11-28T10:32:08.980Z", "groups": [], "user_permissions": []}}, {"model": "auth.user", "pk": 16, "fields": {"password": "pbkdf2_sha256$216000$IoNh8OplPAyy$qrV2pwvmhLDGS1Mp56e0oxKZSygOZg7G8nWihA/6/xc=", "last_login": null, "is_superuser": false, "username": "king", "first_name": "Philip", "last_name": "Windsor", "email": "alice.preece@gmail.com", "is_staff": false, "is_active": true, "date_joined": "2020-11-28T10:43:55.865Z", "groups": [], "user_permissions": []}}, {"model": "auth.user", "pk": 17, "fields": {"password": "pbkdf2_sha256$216000$eYsZq3eMUl9v$yhWHyojBpGaYM8KzrIznK0dSM3XVyZfvShf5WYrvsM8=", "last_login": null, "is_superuser": false, "username": "testing", "first_name": "Tester", "last_name": "Test", "email": "seanpatrick@live.co.uk", "is_staff": false, "is_active": true, "date_joined": "2020-11-29T09:49:08.467Z", "groups": [], "user_permissions": []}}, {"model": "auth.user", "pk": 18, "fields": {"password": "pbkdf2_sha256$216000$88qxoFvsdhJh$/nAJvs+vWVnZlKmJUp0PTmaPDH7XV3/DF67EA3siGcE=", "last_login": null, "is_superuser": false, "username": "adminsagfsdfgdfs", "first_name": "Sean", "last_name": "Palmer", "email": "seanpatrick@live.co.uk", "is_staff": false, "is_active": true, "date_joined": "2020-11-29T09:52:23.076Z", "groups": [], "user_permissions": []}}, {"model": "auth.user", "pk": 19, "fields": {"password": "pbkdf2_sha256$216000$vvulaKveEHPl$ulmtWBQG9lw3EqoIbPbK5ssE9Zyqucrd864HYuLr61Y=", "last_login": null, "is_superuser": false, "username": "admin2", "first_name": "Sean", "last_name": "Palmer", "email": "seanpatrick@live.co.uk", "is_staff": false, "is_active": true, "date_joined": "2020-11-29T09:54:13.227Z", "groups": [], "user_permissions": []}}, {"model": "auth.user", "pk": 20, "fields": {"password": "pbkdf2_sha256$216000$O61QWfyH3NoU$0fo+XH2aeZAsYEXqmyTQlZmeDe9jf9NndrCjHLFUwXM=", "last_login": null, "is_superuser": false, "username": "3242342", "first_name": "Sean", "last_name": "Palmer", "email": "admin@admin.com", "is_staff": false, "is_active": true, "date_joined": "2020-11-29T09:55:25.109Z", "groups": [], "user_permissions": []}}, {"model": "auth.user", "pk": 21, "fields": {"password": "pbkdf2_sha256$216000$yCQYrEcidP6x$7Z2mLJaw5QJx31uFdX9dNxEYWhKOL3pK+/lRh5Hgono=", "last_login": null, "is_superuser": false, "username": "admin22", "first_name": "Tester", "last_name": "Palmer", "email": "seanpatrick@live.co.uk", "is_staff": false, "is_active": true, "date_joined": "2020-11-29T09:58:21.254Z", "groups": [], "user_permissions": []}}, {"model": "contenttypes.contenttype", "pk": 1, "fields": {"app_label": "admin", "model": "logentry"}}, {"model": "contenttypes.contenttype", "pk": 2, "fields": {"app_label": "auth", "model": "permission"}}, {"model": "contenttypes.contenttype", "pk": 3, "fields": {"app_label": "auth", "model": "group"}}, {"model": "contenttypes.contenttype", "pk": 4, "fields": {"app_label": "auth", "model": "user"}}, {"model": "contenttypes.contenttype", "pk": 5, "fields": {"app_label": "contenttypes", "model": "contenttype"}}, {"model": "contenttypes.contenttype", "pk": 6, "fields": {"app_label": "sessions", "model": "session"}}, {"model": "contenttypes.contenttype", "pk": 7, "fields": {"app_label": "news", "model": "user"}}, {"model": "contenttypes.contenttype", "pk": 8, "fields": {"app_label": "news", "model": "article"}}, {"model": "contenttypes.contenttype", "pk": 9, "fields": {"app_label": "news", "model": "comment"}}, {"model": "contenttypes.contenttype", "pk": 10, "fields": {"app_label": "news", "model": "websiteuser"}}, {"model": "contenttypes.contenttype", "pk": 11, "fields": {"app_label": "news", "model": "like"}}, {"model": "contenttypes.contenttype", "pk": 12, "fields": {"app_label": "news", "model": "dislike"}}, {"model": "sessions.session", "pk": "1e1divzhqvm1nq6wvvq4t19k7j01jnk7", "fields": {"session_data": ".eJxVjEEOwiAQRe_C2pCZUgVcuu8ZCAODVA0kpV0Z7y5NutDte-__t3B-W7PbGi9ujuIqUJx-Gfnw5LKL-PDlXmWoZV1mknsiD9vkVCO_bkf7d5B9y31NhMAGI2urIA1kkcHAhUIKgGfdGSkCzcnaEBjIa9UbNHYg5JFH8fkC7a04Hw:1kjfxI:5B4hC0FtBRCSPwbOTU7f6hjoaFEMxa_LCiE5Ud4T8W0", "expire_date": "2020-12-14T09:58:48.940Z"}}, {"model": "sessions.session", "pk": "34zn9l8lbiv19jo2rvnoacbywhvl46vm", "fields": {"session_data": ".eJxVjEEOwiAQRe_C2pCZUgVcuu8ZCAODVA0kpV0Z7y5NutDte-__t3B-W7PbGi9ujuIqUJx-Gfnw5LKL-PDlXmWoZV1mknsiD9vkVCO_bkf7d5B9y31NhMAGI2urIA1kkcHAhUIKgGfdGSkCzcnaEBjIa9UbNHYg5JFH8fkC7a04Hw:1keiue:XetKBlfjnxBrKsIDi_UqstWK4lrcRyF_SAS9FqiQLhA", "expire_date": "2020-11-30T18:07:36.886Z"}}, {"model": "sessions.session", "pk": "4u1sktdocw30a02xxg0jurlane997rsj", "fields": {"session_data": ".eJxVjEEOwiAQRe_C2pCZUgVcuu8ZCAODVA0kpV0Z7y5NutDte-__t3B-W7PbGi9ujuIqUJx-Gfnw5LKL-PDlXmWoZV1mknsiD9vkVCO_bkf7d5B9y31NhMAGI2urIA1kkcHAhUIKgGfdGSkCzcnaEBjIa9UbNHYg5JFH8fkC7a04Hw:1kecSE:X6X9vMovkTPMdI4n-CT2LZySQmonyJ2seAUn6tMKr5w", "expire_date": "2020-11-30T11:13:50.105Z"}}, {"model": "sessions.session", "pk": "4x7wsphy5zddqnyjlzreqdcw9hf173fd", "fields": {"session_data": ".eJxVjEEOwiAQRe_C2pCZUgVcuu8ZCAODVA0kpV0Z7y5NutDte-__t3B-W7PbGi9ujuIqUJx-Gfnw5LKL-PDlXmWoZV1mknsiD9vkVCO_bkf7d5B9y31NhMAGI2urIA1kkcHAhUIKgGfdGSkCzcnaEBjIa9UbNHYg5JFH8fkC7a04Hw:1kf5M0:65zEtKESneGZsrBcqHjHOgq3FS00Ez1qQHVLt2UlPAI", "expire_date": "2020-12-01T18:05:20.733Z"}}, {"model": "sessions.session", "pk": "5f108mv6edzthwmingoo0y8w5zg61d0o", "fields": {"session_data": ".eJxVjEEOwiAQRe_C2pCZUgVcuu8ZCAODVA0kpV0Z7y5NutDte-__t3B-W7PbGi9ujuIqUJx-Gfnw5LKL-PDlXmWoZV1mknsiD9vkVCO_bkf7d5B9y31NhMAGI2urIA1kkcHAhUIKgGfdGSkCzcnaEBjIa9UbNHYg5JFH8fkC7a04Hw:1kf5m9:WWoJtfSgn1Jqcl_vsGc_zbs80t2BqKC4o6aSaKFut8U", "expire_date": "2020-12-01T18:32:21.772Z"}}, {"model": "sessions.session", "pk": "616gyqu9muwaby9y2h4gr3cfxkywvlqq", "fields": {"session_data": ".eJxVjEEOwiAQRe_C2pCZUgVcuu8ZCAODVA0kpV0Z7y5NutDte-__t3B-W7PbGi9ujuIqUJx-Gfnw5LKL-PDlXmWoZV1mknsiD9vkVCO_bkf7d5B9y31NhMAGI2urIA1kkcHAhUIKgGfdGSkCzcnaEBjIa9UbNHYg5JFH8fkC7a04Hw:1kf4Mi:VoUBccnFDukzD7S0GQujZTNN9MmmhTbtVFsTMyy8MZ8", "expire_date": "2020-12-01T17:02:00.717Z"}}, {"model": "sessions.session", "pk": "c7imd3o13stc2xc5x4f6qpzq9dk1uwuj", "fields": {"session_data": ".eJxVjEEOwiAQRe_C2pCZUgVcuu8ZCAODVA0kpV0Z7y5NutDte-__t3B-W7PbGi9ujuIqUJx-Gfnw5LKL-PDlXmWoZV1mknsiD9vkVCO_bkf7d5B9y31NhMAGI2urIA1kkcHAhUIKgGfdGSkCzcnaEBjIa9UbNHYg5JFH8fkC7a04Hw:1kf2gy:v714G9buomF2VDFdpBET-4DDT44IVRsVd9NuMm8V-C0", "expire_date": "2020-12-01T15:14:48.119Z"}}, {"model": "sessions.session", "pk": "cus1jr1gzluonfpnwk8jxa2ctrg3jxgt", "fields": {"session_data": ".eJxVjEEOwiAQRe_C2hAGhFKX7j0DmRlAqgaS0q6Md7dNutDtf-_9twi4LiWsPc1hiuIi4CxOvyMhP1PdSXxgvTfJrS7zRHJX5EG7vLWYXtfD_Tso2MtWW-OZRs6ZogIwFMEo8hGtVh6d8Tk7nfSYrIHNIGMJlGPLGvMweAbx-QIYOzhM:1kjgfh:5ZOaLE2_Dd4iEVhmCDo6-3a_n6H7ClMGlDZydsaNGEI", "expire_date": "2020-12-14T10:44:41.870Z"}}, {"model": "sessions.session", "pk": "e5t1ozcnsmnqpjyimnfmbtg1bmn6vr7l", "fields": {"session_data": ".eJxVjEEOwiAQRe_C2pCZUgVcuu8ZCAODVA0kpV0Z7y5NutDte-__t3B-W7PbGi9ujuIqUJx-Gfnw5LKL-PDlXmWoZV1mknsiD9vkVCO_bkf7d5B9y31NhMAGI2urIA1kkcHAhUIKgGfdGSkCzcnaEBjIa9UbNHYg5JFH8fkC7a04Hw:1kh9zo:Gh4qOtFAMz4DJI_8KF3jhhfUDeHBtO8pEpfKOO-qWT0", "expire_date": "2020-12-07T11:27:00.819Z"}}, {"model": "sessions.session", "pk": "nj2mjfdb0hgct4kendoyugl1b2wtus7c", "fields": {"session_data": ".eJxVjEEOwiAQRe_C2pCZUgVcuu8ZCAODVA0kpV0Z7y5NutDte-__t3B-W7PbGi9ujuIqUJx-Gfnw5LKL-PDlXmWoZV1mknsiD9vkVCO_bkf7d5B9y31NhMAGI2urIA1kkcHAhUIKgGfdGSkCzcnaEBjIa9UbNHYg5JFH8fkC7a04Hw:1kcuYO:nL-Wqimj1838JRbVS2OTZipDlB1F5E6voib_6e7Wmgs", "expire_date": "2020-11-25T18:09:08.330Z"}}, {"model": "sessions.session", "pk": "osyo83mzxer532svdilofk8wcsevel8l", "fields": {"session_data": ".eJxVjkEOwiAQRc8ia0OYUqW4dO8ZmhkYbK2CKW1cGO8uJF3ocv5__2Xeosd1Gfo189yPXpwEiP1vRugmjrXwN4zXJF2KyzySrIjc2iwvyfP9vLF_ggHzUNZEoLgDz8ZqFRqywKpTR3LBKTiYkpEmZThY6xwrQqMLA51tCLjltkirrpjQP8ZYzifm_EpzfS3gxLsFGi0-Xyi9Q_g:1kebya:AGrcuvUxYiCwmaPhoQ6YdzDKC6NBIr9Jfi7hQcdISdY", "expire_date": "2020-11-30T10:43:12.584Z"}}, {"model": "sessions.session", "pk": "wjd0r6xe774mgf9dnsuobr4js7lzk61g", "fields": {"session_data": ".eJxVjEsOwjAMBe-SNYoaB7sxS_Y9Q5XYKSmgRupnhbg7VOoCtm9m3sv0cVtLvy157kc1FwPm9LulKI887UDvcbpVK3Va5zHZXbEHXWxXNT-vh_t3UOJSvnWrngGZHIGTJnjFRkmVmuzI8YBAwIGAxAtoYIyMbTgnDIA0MIh5fwCmOTZF:1kegRl:B-sz0R5t0vH_YD7uJ29lLkGdOUHhx4LxFyEBtlAfXpc", "expire_date": "2020-11-30T15:29:37.042Z"}}, {"model": "sessions.session", "pk": "y1x1rjwou2tk48iy6c2ph4o28452pasq", "fields": {"session_data": ".eJxVjEEOwiAQRe_C2pCZUgVcuu8ZCAODVA0kpV0Z7y5NutDte-__t3B-W7PbGi9ujuIqUJx-Gfnw5LKL-PDlXmWoZV1mknsiD9vkVCO_bkf7d5B9y31NhMAGI2urIA1kkcHAhUIKgGfdGSkCzcnaEBjIa9UbNHYg5JFH8fkC7a04Hw:1kixft:WEFyoPh-qUAg0I7_TWIqeO4EYf2g4ZaeJkxfERM2c5E", "expire_date": "2020-12-12T10:41:53.108Z"}}, {"model": "sessions.session", "pk": "z40brsdk2qdexwk6021sfezv7mpsi3a9", "fields": {"session_data": ".eJxVjEsOwjAMBe-SNYoaB7sxS_Y9Q5XYKSmgRupnhbg7VOoCtm9m3sv0cVtLvy157kc1FwPm9LulKI887UDvcbpVK3Va5zHZXbEHXWxXNT-vh_t3UOJSvnWrngGZHIGTJnjFRkmVmuzI8YBAwIGAxAtoYIyMbTgnDIA0MIh5fwCmOTZF:1khJmE:XYOlGn0ivLNYdvbQBf293tZlwhPweL87f4xISuqj8u8", "expire_date": "2020-12-07T21:53:38.972Z"}}, {"model": "news.article", "pk": 1, "fields": {"content": "The vicious Downing Street civil war escalated again today as insiders voiced fury at 'vicious and cowardly' attacks on Carrie Symonds - including jibes that she wants to be the 'new Princess Diana'. \r\n\r\nThe wave of negative briefing is threatening to tear the government apart, with complaints from the Vote Leave faction that the PM's fiancee is trying to 'run the government by WhatsApp' from the No11 flat. \r\n\r\nIt has emerged that allies of Dominic Cummings and former director of communications Lee Cain have been referring to Ms Symonds as 'Princess Nut Nut' for months.", "title": "Fury at 'vicious and cowardly' attacks on Carrie Symonds amid claims Cummings allies branded her 'Princess Nut Nut' and accused her of 'wanting to be the new Princess Diana'", "pub_date": "2020-11-15", "category": "POLITICS", "ident": "7867"}}, {"model": "news.article", "pk": 2, "fields": {"content": "Cheltenham behind closed doors might be a dispiriting experience, but Coole Cody produced a performance to lift a despondent heart with a gutsy win in the Paddy Power Gold Cup that acted as a reminder of the drama the home of jump racing can deliver.\r\n\r\nA bare reading of the result with 10-1 shot Coole Cody's three-and-a-quarter-length win from Spiritofthegames does not get close to doing justice of the winner's performance, leading from the third fence, surviving an horrendous slip at the fourth and then maintaining a relentless gallop to see off what was an above-average line-up.\r\n\r\nOn only his fourth start for trainer Evan Williams, Coole Cody also delivered a significant and timely ninth winner of the season for jockey Tom O'Brien.", "title": "Coole Cody produces red-hot performance to win Cheltenham's Paddy Power Gold Cup as jockey Tom O'Brien toasts ninth win of the season", "pub_date": "2020-11-15", "category": "SPORTS", "ident": "688"}}, {"model": "news.article", "pk": 3, "fields": {"content": "She is preparing for the release of her debut album, Life Support, later this year. \r\n\r\nAnd Madison Beer made sure all the attention was on her on Friday evening as she headed to Catch restaurant with a friend in full Halloween garb. \r\n\r\nThe singer, 21, put on a leggy display and showcased her washboard stomach in a vibrant nurse Halloween outfit as she sauntered through West Hollywood.", "title": "Madison Beer flaunts her incredibly ripped abs and VERY perky cleavage in sizzling nurse costume as she twins with a pal for Halloween night out", "pub_date": "2020-11-15", "category": "BEAUTY", "ident": "8677867"}}, {"model": "news.article", "pk": 4, "fields": {"content": "She wowed the Strictly judges on Saturday night, when she and dance partner Aljaz Skorjanec's Charleston topped the leaderboard with an impressive 29 points.\r\n\r\nAnd on Sunday morning Clara Amfo revealed just how much blood, sweat and tears must be invested to do well on the show, as she took to her Instagram story to show off a hand injury.  \r\n\r\nThe Radio 1 presenter, 36, showed her hand bandaged up in an orange plaster as she explained that she had hurt it 'at some point' during the previous night.", "title": "'Too much enthusiastic Charlstoning': Strictly's Clara Amfo reveals hand injury the day after topping the leaderboard with her 'perfect' Charleston", "pub_date": "2020-11-15", "category": "BEAUTY", "ident": "57"}}, {"model": "news.article", "pk": 5, "fields": {"content": "ZARA McDermott appeared to confirm she's back together with ex Sam Thompson after she was spotted sneaking out of his house at 9am.\r\n\r\nThe Made in Chelsea stars split in September after she cheated during X Factor: Celebrity last year.\r\n\r\nSince then Zara has been on a mission to win back Sam after he broke up with her because of her infidelity.\r\n\r\nDespite the furore, it appears that the duo are back on track after Zara was spotted making a hasty exit from Sam's house - before he later emerged.\r\n\r\nAnd now the Love Island star was pictured in an oversized purple hoodie, which looked similar to one Sam wore to an event in April last year.\r\n\r\nSporting a face mask, Zara attempted to remain incognito with the hood pulled over her hair and draped a plaid shirt jacket over her arm.", "title": "BACK ON Zara McDermott and Sam Thompson pictured back together after she cheated on him as she sneaks out of his house", "pub_date": "2020-11-15", "category": "BEAUTY", "ident": "67"}}, {"model": "news.websiteuser", "pk": 1, "fields": {"user": 2, "fave_categories": "[\"BEAUTY\"]", "DOB": "2000-11-09", "image": ""}}, {"model": "news.websiteuser", "pk": 2, "fields": {"user": 3, "fave_categories": "[\"Politics\",\"Sports\",\"Beauty\"]", "DOB": "1999-09-02", "image": ""}}, {"model": "news.websiteuser", "pk": 3, "fields": {"user": 4, "fave_categories": "Beauty", "DOB": "2005-10-11", "image": ""}}, {"model": "news.websiteuser", "pk": 4, "fields": {"user": 1, "fave_categories": "[\"POLITICS\",\"SPORTS\",\"BEAUTY\",\"NATURE\"]", "DOB": "2000-10-15", "image": ""}}, {"model": "news.websiteuser", "pk": 8, "fields": {"user": 8, "fave_categories": "[\"SPORTS\"]", "DOB": "1997-12-20", "image": ""}}, {"model": "news.websiteuser", "pk": 13, "fields": {"user": 13, "fave_categories": "[\"BEAUTY\"]", "DOB": "2020-10-30", "image": "profile_pics/IMG_4016.PNG"}}, {"model": "news.websiteuser", "pk": 14, "fields": {"user": 14, "fave_categories": "[\"SPORTS\"]", "DOB": "1988-06-01", "image": "profile_pics/IMG_3983.JPG"}}, {"model": "news.websiteuser", "pk": 15, "fields": {"user": 15, "fave_categories": null, "DOB": "1977-12-20", "image": ""}}, {"model": "news.websiteuser", "pk": 16, "fields": {"user": 16, "fave_categories": null, "DOB": "1996-12-20", "image": ""}}, {"model": "news.websiteuser", "pk": 17, "fields": {"user": 17, "fave_categories": null, "DOB": "2000-06-01", "image": ""}}, {"model": "news.websiteuser", "pk": 18, "fields": {"user": 18, "fave_categories": null, "DOB": "1909-05-04", "image": ""}}, {"model": "news.websiteuser", "pk": 19, "fields": {"user": 20, "fave_categories": null, "DOB": "2200-12-11", "image": ""}}, {"model": "news.websiteuser", "pk": 20, "fields": {"user": 21, "fave_categories": null, "DOB": "0001-01-02", "image": ""}}, {"model": "news.comment", "pk": 88, "fields": {"user": 13, "in_reply_to": null, "text": "Test", "article": 4, "ident": "fc7419d8-5a6d-4d67-a166-2f80809888e8"}}, {"model": "news.comment", "pk": 113, "fields": {"user": 4, "in_reply_to": null, "text": "Test", "article": 1, "ident": "6fec6583-2ae9-4970-95cf-58b969c4e059"}}, {"model": "news.comment", "pk": 114, "fields": {"user": 4, "in_reply_to": null, "text": "Hey there", "article": 1, "ident": "a48355a9-fdc3-4e46-bad3-3a3ed9aef271"}}, {"model": "news.comment", "pk": 116, "fields": {"user": 4, "in_reply_to": null, "text": "I can comment ok", "article": 2, "ident": "7e5038b5-1a5f-4458-8b20-1ad57a1bb62a"}}, {"model": "news.comment", "pk": 121, "fields": {"user": 14, "in_reply_to": null, "text": "Tester", "article": 3, "ident": "56ac28f4-91dc-43cc-a066-94b9e16f8c30"}}, {"model": "news.comment", "pk": 127, "fields": {"user": 14, "in_reply_to": null, "text": "y", "article": 2, "ident": "f6abdff4-8461-433b-abd7-df0f19877986"}}, {"model": "news.comment", "pk": 128, "fields": {"user": 14, "in_reply_to": null, "text": "y", "article": 1, "ident": "7985a0ee-bd1d-4d30-bfed-00d81b65a243"}}, {"model": "news.like", "pk": 25, "fields": {"user": 4, "article": 2, "ident": "8282efad-5150-4389-905f-4050daea9a0b"}}, {"model": "news.like", "pk": 26, "fields": {"user": 4, "article": 3, "ident": "f80fb363-9522-46b0-af32-ede41fcb6934"}}, {"model": "news.like", "pk": 27, "fields": {"user": 14, "article": 2, "ident": "71d6eb8c-053e-495e-b063-e47ed4c3db0e"}}, {"model": "news.like", "pk": 28, "fields": {"user": 14, "article": 4, "ident": "9b705549-7edc-4310-b2f3-22ffe5a09c1c"}}, {"model": "news.like", "pk": 29, "fields": {"user": 14, "article": 3, "ident": "0f0f11ca-f6ff-497d-b85e-53f7df7169c2"}}, {"model": "news.like", "pk": 30, "fields": {"user": 14, "article": 5, "ident": "41d20fc8-4af4-473a-93ce-6b9223641d73"}}, {"model": "news.like", "pk": 31, "fields": {"user": 13, "article": 3, "ident": "f473d30e-4d3f-436b-bdb7-5de5f7cbb6b1"}}, {"model": "news.like", "pk": 32, "fields": {"user": 13, "article": 4, "ident": "775c5ead-97dd-4862-8934-6b4bf27e9a4d"}}, {"model": "news.like", "pk": 33, "fields": {"user": 13, "article": 5, "ident": "5279b55e-8107-442c-ace3-90b944ae112f"}}, {"model": "news.dislike", "pk": 9, "fields": {"user": 4, "article": 1, "ident": "e37595cc-7d9d-40ad-9b5e-f787c466e601"}}, {"model": "news.dislike", "pk": 10, "fields": {"user": 14, "article": 1, "ident": "05d6bd93-e8c9-4a77-95a1-af63f55990bb"}}]